course,occ,coverage
Building Your Leadership Skills,11-3021.00,0.0387
Compassionate Leadership Through Service Learning with Jane Goodall and Roots & Shoots,11-3021.00,0.0387
Foundations of Everyday Leadership,11-3021.00,0.0387
"High Performance Collaboration: Leadership, Teamwork, and Negotiation",11-3021.00,0.0387
Improving Leadership & Governance in Nonprofit Organizations,11-3021.00,0.0387
Inspirational Leadership: Leading with Sense,11-3021.00,0.0387
Inspired Leadership,11-3021.00,0.0387
International Leadership and Organizational Behavior,11-3021.00,0.0387
Leadership Development for Engineers,11-3021.00,0.0387
Leadership in 21st Century Organizations,11-3021.00,0.0387
Construction Project Management,13-1082.00,0.0515
Engineering Project Management: Initiating and Planning,13-1082.00,0.0515
Project Management & Other Tools for Career Development,13-1082.00,0.0515
Project Management Principles and Practices,13-1082.00,0.0515
UCI Project Management,13-1082.00,0.0515
Agile with Atlassian Jira,13-1082.00,0.0448
"Competencias digitales. Herramientas de ofimática (Microsoft Word, Excel, Power Point)",13-1082.00,0.0425
Building Your Leadership Skills,13-1082.00,0.0405
Compassionate Leadership Through Service Learning with Jane Goodall and Roots & Shoots,13-1082.00,0.0405
Foundations of Everyday Leadership,13-1082.00,0.0405
Introduction to Data Analysis Using Excel,13-1111.00,0.0386
Mastering Data Analysis in Excel,13-1111.00,0.0386
Agile with Atlassian Jira,13-1111.00,0.0361
Modern Big Data Analysis with SQL,13-1111.00,0.0342
Data Visualization with Advanced Excel,13-1111.00,0.0313
"Competencias digitales. Herramientas de ofimática (Microsoft Word, Excel, Power Point)",13-1111.00,0.028
Excel to MySQL: Analytic Techniques for Business,13-1111.00,0.0279
Data Analysis with Python,13-1111.00,0.0275
Bayesian Statistics: From Concept to Data Analysis,13-1111.00,0.0267
Introduction to Statistics & Data Analysis in Public Health,13-1111.00,0.0267
Search Engine Optimization Fundamentals,13-1161.01,0.0881
Digital Marketing,13-1161.01,0.0538
Social Media Marketing,13-1161.01,0.0538
"Competencias digitales. Herramientas de ofimática (Microsoft Word, Excel, Power Point)",13-1161.01,0.0395
Discrete Optimization,13-1161.01,0.0394
"Improving Deep Neural Networks: Hyperparameter tuning, Regularization and Optimization",13-1161.01,0.0394
Pricing Strategy Optimization,13-1161.01,0.0394
Excel to MySQL: Analytic Techniques for Business,13-1161.01,0.0392
Introduction to Data Analysis Using Excel,13-1161.01,0.0381
Mastering Data Analysis in Excel,13-1161.01,0.0381
Modern Big Data Analysis with SQL,15-1211.00,0.0304
Introduction to Data Analysis Using Excel,15-1211.00,0.024
Mastering Data Analysis in Excel,15-1211.00,0.024
Agile with Atlassian Jira,15-1211.00,0.0228
Data Visualization with Advanced Excel,15-1211.00,0.0212
Excel to MySQL: Analytic Techniques for Business,15-1211.00,0.0211
Databases and SQL for Data Science,15-1211.00,0.0208
Learn SQL Basics for Data Science,15-1211.00,0.0208
SQL for Data Science,15-1211.00,0.0208
"Competencias digitales. Herramientas de ofimática (Microsoft Word, Excel, Power Point)",15-1211.00,0.0207
Google Cloud Platform Fundamentals for AWS Professionals,15-1212.00,0.0219
Financial Engineering and Risk Management Part I,15-1212.00,0.0197
Business English Communication Skills,15-1212.00,0.0183
Communication Skills for Engineers,15-1212.00,0.0183
Improve Your English Communication Skills,15-1212.00,0.0183
Networking and Security Architecture with VMware NSX,15-1212.00,0.0179
"Open Source Software Development, Linux and Git",15-1212.00,0.0164
Building Your Leadership Skills,15-1212.00,0.0163
Compassionate Leadership Through Service Learning with Jane Goodall and Roots & Shoots,15-1212.00,0.0163
Foundations of Everyday Leadership,15-1212.00,0.0163
Applied Machine Learning in Python,15-1221.00,0.0528
Investment Management with Python and Machine Learning,15-1221.00,0.0528
Machine Learning with Python,15-1221.00,0.0528
"Introduction to TensorFlow for Artificial Intelligence, Machine Learning, and Deep Learning",15-1221.00,0.0502
Python and Statistics for Financial Analysis,15-1221.00,0.0464
Statistics with Python,15-1221.00,0.0464
Data Science: Statistics and Machine Learning,15-1221.00,0.0441
Advanced Machine Learning with TensorFlow on Google Cloud Platform,15-1221.00,0.0395
Machine Learning with TensorFlow on Google Cloud Platform,15-1221.00,0.0395
Data Visualization with Python,15-1221.00,0.0366
Google Cloud Platform Fundamentals for AWS Professionals,15-1241.00,0.0292
Networking and Security Architecture with VMware NSX,15-1241.00,0.0261
Networking in Google Cloud,15-1241.00,0.023
Advanced Machine Learning with TensorFlow on Google Cloud Platform,15-1241.00,0.0215
Google Cloud Platform Big Data and Machine Learning Fundamentals,15-1241.00,0.0215
Machine Learning with TensorFlow on Google Cloud Platform,15-1241.00,0.0215
Business English: Networking,15-1241.00,0.0181
Cisco Networking Basics,15-1241.00,0.0181
The Bits and Bytes of Computer Networking,15-1241.00,0.0181
Continuous Delivery & DevOps,15-1241.00,0.018
Modern Big Data Analysis with SQL,15-1242.00,0.035
Google Cloud Platform Big Data and Machine Learning Fundamentals,15-1242.00,0.03
"Data Engineering, Big Data, and Machine Learning on GCP",15-1242.00,0.0285
Data Engineering on Google Cloud Platform 日本語版,15-1242.00,0.0264
Google Cloud Platform Fundamentals for AWS Professionals,15-1242.00,0.0254
Data Analysis with Python,15-1242.00,0.0219
Advanced Machine Learning with TensorFlow on Google Cloud Platform,15-1242.00,0.0215
Machine Learning with TensorFlow on Google Cloud Platform,15-1242.00,0.0215
Applied Machine Learning in Python,15-1242.00,0.0206
Investment Management with Python and Machine Learning,15-1242.00,0.0206
Modern Big Data Analysis with SQL,15-1243.00,0.0338
Google Cloud Platform Fundamentals for AWS Professionals,15-1243.00,0.0297
Data Engineering on Google Cloud Platform 日本語版,15-1243.00,0.0278
Google Cloud Platform Big Data and Machine Learning Fundamentals,15-1243.00,0.025
"Data Engineering, Big Data, and Machine Learning on GCP",15-1243.00,0.0245
Data Visualization with Python,15-1243.00,0.0228
Data Analysis with Python,15-1243.00,0.0222
Databases and SQL for Data Science,15-1243.00,0.0215
Learn SQL Basics for Data Science,15-1243.00,0.0215
SQL for Data Science,15-1243.00,0.0215
Networking and Security Architecture with VMware NSX,15-1244.00,0.0393
"Open Source Software Development, Linux and Git",15-1244.00,0.0242
Business English: Networking,15-1244.00,0.0231
Cisco Networking Basics,15-1244.00,0.0231
Networking in Google Cloud,15-1244.00,0.0231
The Bits and Bytes of Computer Networking,15-1244.00,0.0231
Business English Communication Skills,15-1244.00,0.0167
Communication Skills for Engineers,15-1244.00,0.0167
Improve Your English Communication Skills,15-1244.00,0.0167
Google Cloud Platform Fundamentals for AWS Professionals,15-1244.00,0.0164
Modern Big Data Analysis with SQL,15-1251.00,0.0283
Python and Statistics for Financial Analysis,15-1251.00,0.0236
Statistics with Python,15-1251.00,0.0236
Databases and SQL for Data Science,15-1251.00,0.0223
Learn SQL Basics for Data Science,15-1251.00,0.0223
SQL for Data Science,15-1251.00,0.0223
"HTML, CSS, and Javascript for Web Developers",15-1251.00,0.0221
"Programming Foundations with JavaScript, HTML and CSS",15-1251.00,0.0221
Excel to MySQL: Analytic Techniques for Business,15-1251.00,0.0217
Business English Communication Skills,15-1251.00,0.0217
Building Scalable Java Microservices with Spring Boot and Spring Cloud,15-1252.00,0.0236
Front-End Web Development with React,15-1252.00,0.0223
Google Cloud Platform Fundamentals for AWS Professionals,15-1252.00,0.0209
"Open Source Software Development, Linux and Git",15-1252.00,0.0199
Object Oriented Java Programming: Data Structures and Beyond,15-1252.00,0.0175
Object Oriented Programming in Java,15-1252.00,0.0175
Agile with Atlassian Jira,15-1252.00,0.0163
Applied Machine Learning in Python,15-1252.00,0.0162
Investment Management with Python and Machine Learning,15-1252.00,0.0162
Machine Learning with Python,15-1252.00,0.0162
Agile with Atlassian Jira,15-1253.00,0.0232
"Open Source Software Development, Linux and Git",15-1253.00,0.021
Data Analysis with Python,15-1253.00,0.0176
Business English Communication Skills,15-1253.00,0.017
Communication Skills for Engineers,15-1253.00,0.017
Improve Your English Communication Skills,15-1253.00,0.017
Modern Big Data Analysis with SQL,15-1253.00,0.0168
Introduction to Data Analysis Using Excel,15-1253.00,0.015
Mastering Data Analysis in Excel,15-1253.00,0.015
Building Scalable Java Microservices with Spring Boot and Spring Cloud,15-1253.00,0.0145
Front-End Web Development with React,15-1254.00,0.0469
"HTML, CSS, and Javascript for Web Developers",15-1254.00,0.0312
"Programming Foundations with JavaScript, HTML and CSS",15-1254.00,0.0312
Front-End Web UI Frameworks and Tools: Bootstrap 4,15-1254.00,0.0282
Full-Stack Web Development with React,15-1254.00,0.0255
"Open Source Software Development, Linux and Git",15-1254.00,0.0228
Разработка интерфейсов: вёрстка и JavaScript,15-1254.00,0.0203
Version Control with Git,15-1254.00,0.0163
Google Cloud Platform Fundamentals for AWS Professionals,15-1254.00,0.016
Databases and SQL for Data Science,15-1254.00,0.0159
Agile with Atlassian Jira,15-1255.00,0.0227
"HTML, CSS, and Javascript for Web Developers",15-1255.00,0.0191
"Programming Foundations with JavaScript, HTML and CSS",15-1255.00,0.0191
Front-End Web Development with React,15-1255.00,0.0184
Swift 5 iOS Application Developer,15-1255.00,0.0176
iOS App Development with Swift,15-1255.00,0.0176
Agile Development,15-1255.00,0.0147
Agile Meets Design Thinking,15-1255.00,0.0147
Agile и Scrum в работе над проектами и продуктами,15-1255.00,0.0147
Software Processes and Agile Practices,15-1255.00,0.0147
C# Programming for Unity Game Development,15-1255.01,0.1336
"Open Source Software Development, Linux and Git",15-1255.01,0.0576
Game Design and Development,15-1255.01,0.0507
Introduction to Game Development,15-1255.01,0.0507
"Competencias digitales. Herramientas de ofimática (Microsoft Word, Excel, Power Point)",15-1255.01,0.0497
Excel to MySQL: Analytic Techniques for Business,15-1255.01,0.0497
Unity Certified Programmer Exam Preparation,15-1255.01,0.0487
Unity XR: How to Build AR and VR Apps,15-1255.01,0.0487
Object-Oriented Data Structures in C++,15-1255.01,0.0484
Искусство разработки на современном C++,15-1255.01,0.0484
Google Cloud Platform Fundamentals for AWS Professionals,15-1299.04,0.047
Building Scalable Java Microservices with Spring Boot and Spring Cloud,15-1299.04,0.028
Java Programming and Software Engineering Fundamentals,15-1299.04,0.028
Java Programming: Solving Problems with Software,15-1299.04,0.028
Kotlin for Java Developers,15-1299.04,0.028
Object Oriented Java Programming: Data Structures and Beyond,15-1299.04,0.028
Object Oriented Programming in Java,15-1299.04,0.028
"Parallel, Concurrent, and Distributed Programming in Java",15-1299.04,0.028
AWS Fundamentals,15-1299.04,0.0279
AWS Fundamentals: Addressing Security Risk,15-1299.04,0.0279
Google Cloud Platform Fundamentals for AWS Professionals,15-1299.05,0.0522
Advanced Machine Learning with TensorFlow on Google Cloud Platform,15-1299.05,0.0344
Google Cloud Platform Big Data and Machine Learning Fundamentals,15-1299.05,0.0344
Machine Learning with TensorFlow on Google Cloud Platform,15-1299.05,0.0344
Getting Started with AWS Machine Learning,15-1299.05,0.0308
Networking in Google Cloud,15-1299.05,0.0287
Architecting with Google Cloud Platform 日本語版,15-1299.05,0.0279
Data Engineering on Google Cloud Platform 日本語版,15-1299.05,0.0279
Developing Applications with Google Cloud Platform,15-1299.05,0.0279
Developing Applications with Google Cloud Platform 日本語版,15-1299.05,0.0279
"Competencias digitales. Herramientas de ofimática (Microsoft Word, Excel, Power Point)",15-1299.06,0.0462
Data Visualization with Advanced Excel,15-1299.06,0.0462
"Everyday Excel, Part 1",15-1299.06,0.0462
Excel Skills for Business,15-1299.06,0.0462
Excel Skills for Business: Advanced,15-1299.06,0.0462
Excel Skills for Business: Essentials,15-1299.06,0.0462
Excel Skills for Business: Intermediate I,15-1299.06,0.0462
Excel Skills for Business: Intermediate II,15-1299.06,0.0462
Excel to MySQL: Analytic Techniques for Business,15-1299.06,0.0462
Fundamentos de Excel para Negocios,15-1299.06,0.0462
Building Scalable Java Microservices with Spring Boot and Spring Cloud,15-1299.07,0.0511
Blockchain,15-1299.07,0.0478
Blockchain Revolution,15-1299.07,0.0478
Blockchain Revolution in Financial Services,15-1299.07,0.0478
Blockchain: Foundations and Use Cases,15-1299.07,0.0478
Introduction to Blockchain Technologies,15-1299.07,0.0478
Supply Chain Finance and Blockchain Technology,15-1299.07,0.0478
"Open Source Software Development, Linux and Git",15-1299.07,0.0469
Applied Data Science with Python,15-1299.07,0.0357
Applied Machine Learning in Python,15-1299.07,0.0357
Continuous Delivery & DevOps,15-1299.08,0.0311
Google Cloud Platform Fundamentals for AWS Professionals,15-1299.08,0.0308
"Open Source Software Development, Linux and Git",15-1299.08,0.0273
Advanced Machine Learning with TensorFlow on Google Cloud Platform,15-1299.08,0.0225
Google Cloud Platform Big Data and Machine Learning Fundamentals,15-1299.08,0.0225
Machine Learning with TensorFlow on Google Cloud Platform,15-1299.08,0.0225
Data Visualization with Python,15-1299.08,0.0206
Building Scalable Java Microservices with Spring Boot and Spring Cloud,15-1299.08,0.0204
Applied Machine Learning in Python,15-1299.08,0.0195
Investment Management with Python and Machine Learning,15-1299.08,0.0195
Introduction to Data Analysis Using Excel,15-2031.00,0.0819
Mastering Data Analysis in Excel,15-2031.00,0.0819
"Competencias digitales. Herramientas de ofimática (Microsoft Word, Excel, Power Point)",15-2031.00,0.0713
Data Visualization with Advanced Excel,15-2031.00,0.071
Excel to MySQL: Analytic Techniques for Business,15-2031.00,0.0692
Modern Big Data Analysis with SQL,15-2031.00,0.0546
"Everyday Excel, Part 1",15-2031.00,0.0545
Excel Skills for Business,15-2031.00,0.0545
Excel Skills for Business: Advanced,15-2031.00,0.0545
Excel Skills for Business: Essentials,15-2031.00,0.0545
Python and Statistics for Financial Analysis,15-2041.00,0.1101
Statistics with Python,15-2041.00,0.1101
Bayesian Statistics: From Concept to Data Analysis,15-2041.00,0.1031
Introduction to Statistics & Data Analysis in Public Health,15-2041.00,0.1031
Basic Statistics,15-2041.00,0.0789
Bayesian Statistics: Techniques and Models,15-2041.00,0.0789
Biostatistics in Public Health,15-2041.00,0.0789
Business Statistics and Analysis,15-2041.00,0.0789
Data Science: Statistics and Machine Learning,15-2041.00,0.0789
Methods and Statistics in Social Sciences,15-2041.00,0.0789
Advanced Machine Learning with TensorFlow on Google Cloud Platform,15-2051.00,0.0642
Machine Learning with TensorFlow on Google Cloud Platform,15-2051.00,0.0642
Google Cloud Platform Big Data and Machine Learning Fundamentals,15-2051.00,0.0634
"Introduction to TensorFlow for Artificial Intelligence, Machine Learning, and Deep Learning",15-2051.00,0.0566
Applied Machine Learning in Python,15-2051.00,0.0537
Investment Management with Python and Machine Learning,15-2051.00,0.0537
Machine Learning with Python,15-2051.00,0.0537
"Data Engineering, Big Data, and Machine Learning on GCP",15-2051.00,0.0526
Data Science: Statistics and Machine Learning,15-2051.00,0.0502
Modern Big Data Analysis with SQL,15-2051.00,0.0492
Modern Big Data Analysis with SQL,15-2051.01,0.0512
Introduction to Data Analysis Using Excel,15-2051.01,0.0381
Mastering Data Analysis in Excel,15-2051.01,0.0381
Data Analysis with Python,15-2051.01,0.0377
Bayesian Statistics: From Concept to Data Analysis,15-2051.01,0.0376
Introduction to Statistics & Data Analysis in Public Health,15-2051.01,0.0376
Data Visualization with Advanced Excel,15-2051.01,0.0311
Data Visualization with Python,15-2051.01,0.0307
Data Visualization and Communication with Tableau,15-2051.01,0.0301
Data Visualization with Tableau,15-2051.01,0.0301
Introduction to Typography,27-1024.00,0.0597
"Competencias digitales. Herramientas de ofimática (Microsoft Word, Excel, Power Point)",27-1024.00,0.0422
"HTML, CSS, and Javascript for Web Developers",27-1024.00,0.0412
"Programming Foundations with JavaScript, HTML and CSS",27-1024.00,0.0412
Business English Communication Skills,27-1024.00,0.0305
Communication Skills for Engineers,27-1024.00,0.0305
Improve Your English Communication Skills,27-1024.00,0.0305
Data Visualization with Advanced Excel,27-1024.00,0.0248
"Everyday Excel, Part 1",27-1024.00,0.0248
Excel Skills for Business,27-1024.00,0.0248
