id,name,domain,onet_title
15-1299.04,Penetration Tester,Cybersecurity,Penetration Testers
15-1299.06,Digital Forensics Analyst,Cybersecurity,Digital Forensics Analysts
15-1299.05,Information Security Engineer,Cybersecurity,Information Security Engineers
15-1212.00,Information Security Analyst,Cybersecurity,Information Security Analysts
15-1299.07,Blockchain Engineer,Software & Web,Blockchain Engineers
15-1255.01,Video Game Designer,UI/UX & Design,Video Game Designers
15-1255.00,UX / UI Designer,UI/UX & Design,Web and Digital Interface Designers
27-1024.00,Graphic Designer,UI/UX & Design,Graphic Designers
15-2051.00,Data Scientist,AI & Machine Learning,Data Scientists
15-1221.00,AI Research Scientist,AI & Machine Learning,Computer and Information Research Scientists
15-2041.00,Statistician,Data Analytics & BI,Statisticians
15-2051.01,BI / Data Analyst,Data Analytics & BI,Business Intelligence Analysts
15-2031.00,Operations Research Analyst,Data Analytics & BI,Operations Research Analysts
15-1243.00,Database Architect,Data Analytics & BI,Database Architects
15-1242.00,Database Administrator / Data Engineer,Data Analytics & BI,Database Administrators
15-1241.00,Cloud / Network Architect,Cloud & DevOps,Computer Network Architects
15-1299.08,Systems / DevOps Engineer,Cloud & DevOps,Computer Systems Engineers/Architects
15-1244.00,Network & Systems Administrator,Cloud & DevOps,Network and Computer Systems Administrators
11-3021.00,IT Manager,Cloud & DevOps,Computer and Information Systems Managers
15-1254.00,Web Developer,Software & Web,Web Developers
15-1253.00,QA / Test Engineer,Software & Web,Software Quality Assurance Analysts and Testers
15-1251.00,Computer Programmer,Software & Web,Computer Programmers
15-1252.00,Software Developer,Software & Web,Software Developers
15-1211.00,Computer Systems Analyst,Software & Web,Computer Systems Analysts
13-1111.00,Business Analyst / Consultant,Data Analytics & BI,Management Analysts
13-1082.00,Project Manager,Software & Web,Project Management Specialists
13-1161.01,SEO / Digital Marketing Strategist,UI/UX & Design,Search Marketing Strategists
