id,name,org,level,rating
AWS Fundamentals,AWS Fundamentals,Amazon Web Services,Beginner,4.6
AWS Fundamentals: Addressing Security Risk,AWS Fundamentals: Addressing Security Risk,Amazon Web Services,Beginner,4.3
AWS Fundamentals: Building Serverless Applications,AWS Fundamentals: Building Serverless Applications,Amazon Web Services,Beginner,4.7
AWS Fundamentals: Going Cloud-Native,AWS Fundamentals: Going Cloud-Native,Amazon Web Services,Beginner,4.7
AWS Fundamentals: Migrating to the Cloud,AWS Fundamentals: Migrating to the Cloud,Amazon Web Services,Intermediate,4.5
Advanced Machine Learning,Advanced Machine Learning,National Research University Higher School of Economics,Advanced,4.5
Advanced Machine Learning with TensorFlow on Google Cloud Platform,Advanced Machine Learning with TensorFlow on Google Cloud Platform,Google Cloud,Advanced,4.5
Agile Development,Agile Development,University of Virginia,Beginner,4.7
Agile Meets Design Thinking,Agile Meets Design Thinking,University of Virginia,Beginner,4.7
Agile with Atlassian Jira,Agile with Atlassian Jira,Atlassian,Beginner,4.7
Agile и Scrum в работе над проектами и продуктами,Agile и Scrum в работе над проектами и продуктами,ScrumTrek,Beginner,4.9
Algorithmic Toolbox,Algorithmic Toolbox,University of California San Diego,Intermediate,4.7
Algorithms,Algorithms,Stanford University,Intermediate,4.8
Algorithms for Battery Management Systems,Algorithms for Battery Management Systems,University of Colorado System,Intermediate,4.8
Android App Development,Android App Development,Vanderbilt University,Beginner,4.5
Applied Data Science with Python,Applied Data Science with Python,University of Michigan,Intermediate,4.5
Applied Machine Learning in Python,Applied Machine Learning in Python,University of Michigan,Intermediate,4.6
"Applied Plotting, Charting & Data Representation in Python","Applied Plotting, Charting & Data Representation in Python",University of Michigan,Intermediate,4.6
Aprende a programar con Python,Aprende a programar con Python,Universidad Austral,Beginner,4.2
Architecting with Google Cloud Platform 日本語版,Architecting with Google Cloud Platform 日本語版,Google Cloud,Intermediate,4.5
Architecting with Google Kubernetes Engine 日本語版,Architecting with Google Kubernetes Engine 日本語版,Google Cloud,Beginner,4.5
Basic Statistics,Basic Statistics,University of Amsterdam,Beginner,4.6
Bayesian Statistics: From Concept to Data Analysis,Bayesian Statistics: From Concept to Data Analysis,"University of California, Santa Cruz",Intermediate,4.8
Bayesian Statistics: Techniques and Models,Bayesian Statistics: Techniques and Models,"University of California, Santa Cruz",Intermediate,4.8
Big Data – Introducción al uso práctico de datos masivos,Big Data – Introducción al uso práctico de datos masivos,Universitat Autònoma de Barcelona,Beginner,4.5
Biostatistics in Public Health,Biostatistics in Public Health,Johns Hopkins University,Beginner,4.8
Blockchain,Blockchain,University at Buffalo,Intermediate,4.6
Blockchain Revolution,Blockchain Revolution,INSEAD,Beginner,4.7
Blockchain Revolution in Financial Services,Blockchain Revolution in Financial Services,INSEAD,Beginner,4.6
Blockchain: Foundations and Use Cases,Blockchain: Foundations and Use Cases,ConsenSys Academy,Beginner,4.7
Building Batch Data Pipelines on GCP,Building Batch Data Pipelines on GCP,Google Cloud,Intermediate,4.5
Building Scalable Java Microservices with Spring Boot and Spring Cloud,Building Scalable Java Microservices with Spring Boot and Spring Cloud,Google Cloud,Intermediate,4.3
Building Your Leadership Skills,Building Your Leadership Skills,HEC Paris,Mixed,4.5
Business English Communication Skills,Business English Communication Skills,University of Washington,Intermediate,4.7
Business English: Networking,Business English: Networking,University of Washington,Intermediate,4.7
Business Statistics and Analysis,Business Statistics and Analysis,Rice University,Beginner,4.7
Business Transformation with Google Cloud,Business Transformation with Google Cloud,Google Cloud,Beginner,4.7
C# Programming for Unity Game Development,C# Programming for Unity Game Development,University of Colorado System,Beginner,4.7
"Capstone: Retrieving, Processing, and Visualizing Data with Python","Capstone: Retrieving, Processing, and Visualizing Data with Python",University of Michigan,Mixed,4.6
Cisco Networking Basics,Cisco Networking Basics,Cisco,Beginner,4.7
Cloud Computing,Cloud Computing,University of Illinois at Urbana-Champaign,Intermediate,4.4
Cloud Computing Basics (Cloud 101),Cloud Computing Basics (Cloud 101),LearnQuest,Beginner,4.5
Cloud Engineering with Google Cloud,Cloud Engineering with Google Cloud,Google Cloud,Intermediate,4.7
Communication Skills for Engineers,Communication Skills for Engineers,Rice University,Beginner,4.7
Compassionate Leadership Through Service Learning with Jane Goodall and Roots & Shoots,Compassionate Leadership Through Service Learning with Jane Goodall and Roots & Shoots,University of Colorado Boulder,Beginner,4.9
"Competencias digitales. Herramientas de ofimática (Microsoft Word, Excel, Power Point)","Competencias digitales. Herramientas de ofimática (Microsoft Word, Excel, Power Point)",Universitat Autònoma de Barcelona,Beginner,4.7
Computational Thinking for Problem Solving,Computational Thinking for Problem Solving,University of Pennsylvania,Beginner,4.8
Construction Cost Estimating and Cost Control,Construction Cost Estimating and Cost Control,Columbia University,Beginner,4.7
Construction Project Management,Construction Project Management,Columbia University,Beginner,4.8
Continuous Delivery & DevOps,Continuous Delivery & DevOps,University of Virginia,Beginner,4.6
Convolutional Neural Networks,Convolutional Neural Networks,deeplearning.ai,Intermediate,4.9
Convolutional Neural Networks in TensorFlow,Convolutional Neural Networks in TensorFlow,deeplearning.ai,Intermediate,4.7
Crash Course on Python,Crash Course on Python,Google,Beginner,4.8
Creative Problem Solving,Creative Problem Solving,University of Minnesota,Mixed,4.3
Data Analysis and Interpretation,Data Analysis and Interpretation,Wesleyan University,Beginner,4.4
Data Analysis and Presentation Skills: the PwC Approach,Data Analysis and Presentation Skills: the PwC Approach,PwC,Beginner,4.6
Data Analysis with Python,Data Analysis with Python,IBM,Beginner,4.7
Data Analytics for Lean Six Sigma,Data Analytics for Lean Six Sigma,University of Amsterdam,Beginner,4.8
Data Collection and Processing with Python,Data Collection and Processing with Python,University of Michigan,Intermediate,4.7
Data Engineering on Google Cloud Platform 日本語版,Data Engineering on Google Cloud Platform 日本語版,Google Cloud,Intermediate,4.4
Data Engineering with Google Cloud,Data Engineering with Google Cloud,Google Cloud,Intermediate,4.6
"Data Engineering, Big Data, and Machine Learning on GCP","Data Engineering, Big Data, and Machine Learning on GCP",Google Cloud,Intermediate,4.6
Data Science: Statistics and Machine Learning,Data Science: Statistics and Machine Learning,Johns Hopkins University,Intermediate,4.4
Data Visualization and Communication with Tableau,Data Visualization and Communication with Tableau,Duke University,Mixed,4.7
Data Visualization with Advanced Excel,Data Visualization with Advanced Excel,PwC,Beginner,4.8
Data Visualization with Python,Data Visualization with Python,IBM,Intermediate,4.6
Data Visualization with Tableau,Data Visualization with Tableau,"University of California, Davis",Beginner,4.5
Data Warehousing for Business Intelligence,Data Warehousing for Business Intelligence,University of Colorado System,Advanced,4.5
Databases and SQL for Data Science,Databases and SQL for Data Science,IBM,Beginner,4.7
Deep Learning,Deep Learning,deeplearning.ai,Intermediate,4.8
Developing APIs with Google Cloud's Apigee API Platform,Developing APIs with Google Cloud's Apigee API Platform,Google Cloud,Intermediate,4.6
Developing Applications with Google Cloud Platform,Developing Applications with Google Cloud Platform,Google Cloud,Intermediate,4.7
Developing Applications with Google Cloud Platform 日本語版,Developing Applications with Google Cloud Platform 日本語版,Google Cloud,Intermediate,4.8
Digital Marketing,Digital Marketing,University of Illinois at Urbana-Champaign,Beginner,4.6
Discrete Optimization,Discrete Optimization,The University of Melbourne,Intermediate,4.9
"Divide and Conquer, Sorting and Searching, and Randomized Algorithms","Divide and Conquer, Sorting and Searching, and Randomized Algorithms",Stanford University,Intermediate,4.8
Elastic Google Cloud Infrastructure: Scaling and Automation,Elastic Google Cloud Infrastructure: Scaling and Automation,Google Cloud,Intermediate,4.7
Emerging Technologies: From Smartphones to IoT to Big Data,Emerging Technologies: From Smartphones to IoT to Big Data,Yonsei University,Beginner,4.6
Engineering Project Management: Initiating and Planning,Engineering Project Management: Initiating and Planning,Rice University,Beginner,4.7
Essential Google Cloud Infrastructure: Core Services,Essential Google Cloud Infrastructure: Core Services,Google Cloud,Intermediate,4.7
Essential Google Cloud Infrastructure: Foundation,Essential Google Cloud Infrastructure: Foundation,Google Cloud,Intermediate,4.7
"Everyday Excel, Part 1","Everyday Excel, Part 1",University of Colorado Boulder,Beginner,4.8
Excel Skills for Business,Excel Skills for Business,Macquarie University,Beginner,4.9
Excel Skills for Business: Advanced,Excel Skills for Business: Advanced,Macquarie University,Intermediate,4.7
Excel Skills for Business: Essentials,Excel Skills for Business: Essentials,Macquarie University,Beginner,4.9
Excel Skills for Business: Intermediate I,Excel Skills for Business: Intermediate I,Macquarie University,Intermediate,4.9
Excel Skills for Business: Intermediate II,Excel Skills for Business: Intermediate II,Macquarie University,Intermediate,4.8
Excel to MySQL: Analytic Techniques for Business,Excel to MySQL: Analytic Techniques for Business,Duke University,Beginner,4.6
Excel/VBA for Creative Problem Solving,Excel/VBA for Creative Problem Solving,University of Colorado Boulder,Beginner,4.8
"Excel/VBA for Creative Problem Solving, Part 1","Excel/VBA for Creative Problem Solving, Part 1",University of Colorado Boulder,Beginner,4.8
Financial Engineering and Risk Management Part I,Financial Engineering and Risk Management Part I,Columbia University,Mixed,4.6
Foundations of Everyday Leadership,Foundations of Everyday Leadership,University of Illinois at Urbana-Champaign,Mixed,4.8
From Data to Insights with Google Cloud Platform,From Data to Insights with Google Cloud Platform,Google Cloud,Beginner,4.6
Front-End Web Development with React,Front-End Web Development with React,The Hong Kong University of Science and Technology,Intermediate,4.7
Front-End Web UI Frameworks and Tools: Bootstrap 4,Front-End Web UI Frameworks and Tools: Bootstrap 4,The Hong Kong University of Science and Technology,Intermediate,4.8
Full Stack Web and Multiplatform Mobile App Development,Full Stack Web and Multiplatform Mobile App Development,The Hong Kong University of Science and Technology,Intermediate,4.7
Full-Stack Web Development with React,Full-Stack Web Development with React,The Hong Kong University of Science and Technology,Intermediate,4.7
Functional Programming Principles in Scala,Functional Programming Principles in Scala,École Polytechnique Fédérale de Lausanne,Intermediate,4.8
Functional Programming in Scala,Functional Programming in Scala,École Polytechnique Fédérale de Lausanne,Intermediate,4.7
Fundamentals of GIS,Fundamentals of GIS,"University of California, Davis",Beginner,4.8
Fundamentals of Visualization with Tableau,Fundamentals of Visualization with Tableau,"University of California, Davis",Beginner,4.5
Fundamentos de Excel para Negocios,Fundamentos de Excel para Negocios,Universidad Austral,Beginner,4.7
"GIS, Mapping, and Spatial Analysis","GIS, Mapping, and Spatial Analysis",University of Toronto,Beginner,4.8
Game Design and Development,Game Design and Development,Michigan State University,Intermediate,4.7
Geographic Information Systems  (GIS),Geographic Information Systems  (GIS),"University of California, Davis",Beginner,4.8
Getting Started with AWS Machine Learning,Getting Started with AWS Machine Learning,Amazon Web Services,Intermediate,4.5
Getting Started with Google Kubernetes Engine,Getting Started with Google Kubernetes Engine,Google Cloud,Intermediate,4.5
Getting Started with Google Sheets,Getting Started with Google Sheets,Google Cloud,Beginner,4.6
Getting Started with SAS Programming,Getting Started with SAS Programming,SAS,Beginner,4.9
Google Cloud Platform Big Data and Machine Learning Fundamentals,Google Cloud Platform Big Data and Machine Learning Fundamentals,Google Cloud,Intermediate,4.6
Google Cloud Platform Fundamentals for AWS Professionals,Google Cloud Platform Fundamentals for AWS Professionals,Google Cloud,Intermediate,4.7
Google IT Automation with Python,Google IT Automation with Python,Google,Beginner,4.7
"HTML, CSS, and Javascript for Web Developers","HTML, CSS, and Javascript for Web Developers",Johns Hopkins University,Mixed,4.8
Health Information Literacy for Data Analytics,Health Information Literacy for Data Analytics,"University of California, Davis",Intermediate,4.5
"High Performance Collaboration: Leadership, Teamwork, and Negotiation","High Performance Collaboration: Leadership, Teamwork, and Negotiation",Northwestern University,Mixed,4.8
IBM AI Enterprise Workflow,IBM AI Enterprise Workflow,IBM,Advanced,4.4
"Identifying, Monitoring, and Analyzing Risk and Incident Response and Recovery","Identifying, Monitoring, and Analyzing Risk and Incident Response and Recovery",(ISC)²,Beginner,4.9
Improve Your English Communication Skills,Improve Your English Communication Skills,Georgia Institute of Technology,Beginner,4.7
"Improving Deep Neural Networks: Hyperparameter tuning, Regularization and Optimization","Improving Deep Neural Networks: Hyperparameter tuning, Regularization and Optimization",deeplearning.ai,Beginner,4.9
Improving Leadership & Governance in Nonprofit Organizations,Improving Leadership & Governance in Nonprofit Organizations,Luther College at the University of Regina,Beginner,4.4
Industrial IoT on Google Cloud Platform,Industrial IoT on Google Cloud Platform,Google Cloud,Beginner,4.5
Inspirational Leadership: Leading with Sense,Inspirational Leadership: Leading with Sense,HEC Paris,Beginner,4.5
Inspired Leadership,Inspired Leadership,Case Western Reserve University,Intermediate,4.7
Interaction Design,Interaction Design,University of California San Diego,Intermediate,4.5
International Leadership and Organizational Behavior,International Leadership and Organizational Behavior,Università Bocconi,Mixed,4.8
Introducción a la programación en Python I: Aprendiendo a programar con Python,Introducción a la programación en Python I: Aprendiendo a programar con Python,Pontificia Universidad Católica de Chile,Beginner,4.4
Introduction to Big Data,Introduction to Big Data,University of California San Diego,Mixed,4.6
Introduction to Blockchain Technologies,Introduction to Blockchain Technologies,INSEAD,Beginner,4.7
Introduction to Cloud Computing,Introduction to Cloud Computing,IBM,Beginner,4.6
Introduction to Data Analysis Using Excel,Introduction to Data Analysis Using Excel,Rice University,Mixed,4.7
Introduction to Data Science in Python,Introduction to Data Science in Python,University of Michigan,Intermediate,4.5
Introduction to Game Development,Introduction to Game Development,Michigan State University,Mixed,4.8
Introduction to Portfolio Construction and Analysis with Python,Introduction to Portfolio Construction and Analysis with Python,EDHEC Business School,Mixed,4.8
Introduction to Programming with MATLAB,Introduction to Programming with MATLAB,Vanderbilt University,Beginner,4.8
Introduction to Scripting in Python,Introduction to Scripting in Python,Rice University,Beginner,4.7
Introduction to Statistics & Data Analysis in Public Health,Introduction to Statistics & Data Analysis in Public Health,Imperial College London,Beginner,4.7
"Introduction to TensorFlow for Artificial Intelligence, Machine Learning, and Deep Learning","Introduction to TensorFlow for Artificial Intelligence, Machine Learning, and Deep Learning",deeplearning.ai,Intermediate,4.7
"Introduction to Trading, Machine Learning & GCP","Introduction to Trading, Machine Learning & GCP",New York Institute of Finance,Intermediate,4.0
Introduction to Typography,Introduction to Typography,California Institute of the Arts,Beginner,4.8
Introduction to Web Development,Introduction to Web Development,"University of California, Davis",Beginner,4.7
Introdução à Ciência da Computação com Python Parte 1,Introdução à Ciência da Computação com Python Parte 1,Universidade de São Paulo,Beginner,4.9
Investment Management with Python and Machine Learning,Investment Management with Python and Machine Learning,EDHEC Business School,Beginner,4.6
Java Programming and Software Engineering Fundamentals,Java Programming and Software Engineering Fundamentals,Duke University,Beginner,4.6
Java Programming: Solving Problems with Software,Java Programming: Solving Problems with Software,Duke University,Beginner,4.6
Julia Scientific Programming,Julia Scientific Programming,University of Cape Town,Beginner,4.5
Kotlin for Java Developers,Kotlin for Java Developers,JetBrains,Intermediate,4.7
Leadership Development for Engineers,Leadership Development for Engineers,Rice University,Beginner,4.7
Leadership in 21st Century Organizations,Leadership in 21st Century Organizations,Copenhagen Business School,Mixed,4.7
Leading: Human Resource Management and Leadership,Leading: Human Resource Management and Leadership,Macquarie University,Intermediate,4.8
Learn SQL Basics for Data Science,Learn SQL Basics for Data Science,"University of California, Davis",Beginner,4.6
Machine Learning,Machine Learning,University of Washington,Intermediate,4.6
Machine Learning Foundations: A Case Study Approach,Machine Learning Foundations: A Case Study Approach,University of Washington,Mixed,4.6
Machine Learning and Reinforcement Learning in Finance,Machine Learning and Reinforcement Learning in Finance,New York University,Intermediate,3.7
Machine Learning for All,Machine Learning for All,University of London,Beginner,4.6
Machine Learning for Business Professionals,Machine Learning for Business Professionals,Google Cloud,Intermediate,4.6
Machine Learning for Trading,Machine Learning for Trading,Google Cloud,Intermediate,3.9
Machine Learning with Python,Machine Learning with Python,IBM,Intermediate,4.7
Machine Learning with TensorFlow on Google Cloud Platform,Machine Learning with TensorFlow on Google Cloud Platform,Google Cloud,Intermediate,4.5
Mastering Data Analysis in Excel,Mastering Data Analysis in Excel,Duke University,Mixed,4.2
Mathematics for Machine Learning,Mathematics for Machine Learning,Imperial College London,Beginner,4.6
Mathematics for Machine Learning: Linear Algebra,Mathematics for Machine Learning: Linear Algebra,Imperial College London,Beginner,4.7
Mathematics for Machine Learning: Multivariate Calculus,Mathematics for Machine Learning: Multivariate Calculus,Imperial College London,Beginner,4.7
Mathematics for Machine Learning: PCA,Mathematics for Machine Learning: PCA,Imperial College London,Intermediate,4.0
Methods and Statistics in Social Sciences,Methods and Statistics in Social Sciences,University of Amsterdam,Beginner,4.6
Modern Big Data Analysis with SQL,Modern Big Data Analysis with SQL,Cloudera,Beginner,4.8
Modernizing Data Lakes and Data Warehouses with GCP,Modernizing Data Lakes and Data Warehouses with GCP,Google Cloud,Intermediate,4.7
Natural Language Processing in TensorFlow,Natural Language Processing in TensorFlow,deeplearning.ai,Intermediate,4.6
Networking and Security Architecture with VMware NSX,Networking and Security Architecture with VMware NSX,VMware,Intermediate,4.8
Networking in Google Cloud,Networking in Google Cloud,Google Cloud,Intermediate,4.7
Neural Networks and Deep Learning,Neural Networks and Deep Learning,deeplearning.ai,Intermediate,4.9
Object Oriented Java Programming: Data Structures and Beyond,Object Oriented Java Programming: Data Structures and Beyond,University of California San Diego,Intermediate,4.7
Object Oriented Programming in Java,Object Oriented Programming in Java,Duke University,Beginner,4.6
Object-Oriented Data Structures in C++,Object-Oriented Data Structures in C++,University of Illinois at Urbana-Champaign,Intermediate,4.7
Object-Oriented Design,Object-Oriented Design,University of Alberta,Intermediate,4.7
"Open Source Software Development, Linux and Git","Open Source Software Development, Linux and Git",The Linux Foundation,Beginner,4.4
Organizational Leadership,Organizational Leadership,Northwestern University,Intermediate,4.7
"Parallel, Concurrent, and Distributed Programming in Java","Parallel, Concurrent, and Distributed Programming in Java",Rice University,Intermediate,4.5
Practical Data Science with MATLAB,Practical Data Science with MATLAB,MathWorks,Beginner,4.7
Preparing for the Google Cloud Associate Cloud Engineer Exam,Preparing for the Google Cloud Associate Cloud Engineer Exam,Google Cloud,Beginner,4.7
Pricing Strategy Optimization,Pricing Strategy Optimization,BCG,Beginner,4.8
Probability and Statistics: To p or not to p?,Probability and Statistics: To p or not to p?,University of London,Beginner,4.6
"Programming Foundations with JavaScript, HTML and CSS","Programming Foundations with JavaScript, HTML and CSS",Duke University,Beginner,4.6
Programming for Everybody (Getting Started with Python),Programming for Everybody (Getting Started with Python),University of Michigan,Mixed,4.8
Project Management & Other Tools for Career Development,Project Management & Other Tools for Career Development,"University of California, Irvine",Beginner,4.6
Project Management Principles and Practices,Project Management Principles and Practices,"University of California, Irvine",Beginner,4.7
Python Basics,Python Basics,University of Michigan,Beginner,4.8
Python Classes and Inheritance,Python Classes and Inheritance,University of Michigan,Intermediate,4.7
Python Data Structures,Python Data Structures,University of Michigan,Mixed,4.9
"Python Functions, Files, and Dictionaries","Python Functions, Files, and Dictionaries",University of Michigan,Beginner,4.8
Python and Statistics for Financial Analysis,Python and Statistics for Financial Analysis,The Hong Kong University of Science and Technology,Intermediate,4.4
Python for Data Science and AI,Python for Data Science and AI,IBM,Beginner,4.6
Python for Everybody,Python for Everybody,University of Michigan,Beginner,4.8
SAS Programmer,SAS Programmer,SAS,Beginner,4.8
SAS Visual Business Analytics,SAS Visual Business Analytics,SAS,Beginner,4.6
SQL for Data Science,SQL for Data Science,"University of California, Davis",Beginner,4.6
Search Engine Optimization Fundamentals,Search Engine Optimization Fundamentals,"University of California, Davis",Mixed,4.7
Security in Google Cloud Platform,Security in Google Cloud Platform,Google Cloud,Intermediate,4.7
Social Media Marketing,Social Media Marketing,Northwestern University,Beginner,4.6
Software Processes and Agile Practices,Software Processes and Agile Practices,University of Alberta,Mixed,4.7
Statistical Analysis with R for Public Health,Statistical Analysis with R for Public Health,Imperial College London,Beginner,4.7
Statistics with Python,Statistics with Python,University of Michigan,Beginner,4.6
Statistics with R,Statistics with R,Duke University,Beginner,4.7
Strategic Leadership and Management,Strategic Leadership and Management,University of Illinois at Urbana-Champaign,Beginner,4.7
Structuring Machine Learning Projects,Structuring Machine Learning Projects,deeplearning.ai,Beginner,4.8
Summary Statistics in Public Health,Summary Statistics in Public Health,Johns Hopkins University,Beginner,4.8
Supply Chain Finance and Blockchain Technology,Supply Chain Finance and Blockchain Technology,New York Institute of Finance,Intermediate,4.6
Swift 5 iOS Application Developer,Swift 5 iOS Application Developer,LearnQuest,Beginner,4.5
TensorFlow in Practice,TensorFlow in Practice,deeplearning.ai,Intermediate,4.7
TensorFlow: Data and Deployment,TensorFlow: Data and Deployment,deeplearning.ai,Intermediate,4.5
The Bits and Bytes of Computer Networking,The Bits and Bytes of Computer Networking,Google,Beginner,4.7
UCI Project Management,UCI Project Management,"University of California, Irvine",Beginner,4.6
Understanding Clinical Research: Behind the Statistics,Understanding Clinical Research: Behind the Statistics,University of Cape Town,Mixed,4.8
Understanding and Visualizing Data with Python,Understanding and Visualizing Data with Python,University of Michigan,Beginner,4.7
Unity Certified Programmer Exam Preparation,Unity Certified Programmer Exam Preparation,Unity,Intermediate,4.5
Unity XR: How to Build AR and VR Apps,Unity XR: How to Build AR and VR Apps,Unity,Beginner,4.2
Using Databases with Python,Using Databases with Python,University of Michigan,Mixed,4.8
Using Python to Access Web Data,Using Python to Access Web Data,University of Michigan,Mixed,4.8
Using Python to Interact with the Operating System,Using Python to Interact with the Operating System,Google,Beginner,4.7
Version Control with Git,Version Control with Git,Atlassian,Mixed,4.8
Web Applications for Everybody,Web Applications for Everybody,University of Michigan,Intermediate,4.8
Web Design for Everybody: Basics of Web Development & Coding,Web Design for Everybody: Basics of Web Development & Coding,University of Michigan,Beginner,4.7
iOS App Development with Swift,iOS App Development with Swift,University of Toronto,Intermediate,3.9
Искусство разработки на современном C++,Искусство разработки на современном C++,E-Learning Development Fund,Intermediate,4.9
Математика и Python для анализа данных,Математика и Python для анализа данных,E-Learning Development Fund,Beginner,4.8
Основы программирования на Python,Основы программирования на Python,National Research University Higher School of Economics,Beginner,4.6
Основы разработки на C++: белый пояс,Основы разработки на C++: белый пояс,E-Learning Development Fund,Intermediate,4.9
Погружение в Python,Погружение в Python,Moscow Institute of Physics and Technology,Intermediate,4.7
Программирование на Python,Программирование на Python,Mail.Ru Group,Intermediate,4.5
Разработка интерфейсов: вёрстка и JavaScript,Разработка интерфейсов: вёрстка и JavaScript,E-Learning Development Fund,Intermediate,4.5
